cne_code16,label,dine_id_or_vote_type,provisional_votes,cne_regular_votes,mesa0_adjustment,cne_all_rows_votes,regular_delta,all_rows_delta,changed_regular_mesas
0990,VOTOS EN BLANCO,EN BLANCO,407,405,0,405,-2,-2,13
0991,VOTOS NULOS,NULO,1060,1050,15,1065,-10,5,4
0992,VOTOS RECURRIDOS,RECURRIDO,23,26,-26,0,3,-23,2
0993,VOTOS IMPUGNADOS,IMPUGNADO,7,1,-1,0,-6,-7,1
153,UNION LIBERAL,315,201,246,0,246,45,45,3
221,PARTIDO NUEVO BUENOS AIRES,252,377,377,0,377,0,0,0
276,MOVIMIENTO AVANZADA SOCIALISTA,263,224,223,0,223,-1,-1,1
299,PROP. FEDERAL PARA EL CAMBIO,258,1057,1048,0,1048,-9,-9,2
305,MOV.POL.SOC.CULT. PROYECTO SUR,265,227,227,0,227,0,0,0
318,LIBER.AR,253,90,91,0,91,1,1,1
47,COALICION CIVICA A.R.I.,316,291,287,0,287,-4,-4,2
501,ALIANZA UNION FEDERAL,317,126,129,0,129,3,3,2
502,ALIANZA NUEVOS AIRES,262,136,135,0,135,-1,-1,1
503,ALIANZA LA LIBERTAD AVANZA,110,20427,20335,3,20338,-92,-89,2
504,ALIANZA POTENCIA,260,791,791,0,791,0,0,2
506,FRENTE DE IZQUIERDA - UNIDAD,372,1218,1218,1,1219,0,1,0
507,ALIANZA FUERZA PATRIA,248,6851,6868,8,6876,17,25,3
508,ALIANZA PROVINCIAS UNIDAS,259,819,829,0,829,10,10,3
95,FRENTE PATRIOTA FEDERAL,11,311,311,0,311,0,0,0
,DINE COMANDO (no standalone CNE row),COMANDO,0,,,,,,
